店名,wifi 穩定,通常有空位,安靜程度,咖啡好喝,價格便宜,裝潢/音樂佳,行政區,營業時間,有無限時,插座多,可站立工作,推薦人,備註,地址,網站,
Rice Caff'e 米咖啡,,,,,,,西屯區,,,,,,,,,
小幸福咖啡,,5.0 ★,3.5 ★,3.0 ★,,,,豐原區,週一公休，週二~週日9:00~18:00,無,yes,,,可帶寵物，不過位置不多,台中市豐原區西勢路690號,http://mildcafe2015.pixnet.net/blog
5春咖啡,,,4.5 ★,5.0 ★,,,西區,,,,,,位置不多，安靜看客人，大多不錯,,,
順咖啡,,,4.5 ★,5.0 ★,3.5 ★,5.0 ★,中區,12:00-21:00(週二休),無,,no,,個性店，位置不多，老闆親切。愛心插座(使用需捐款，全額給瑪麗亞社會福利基金會),台中市中區市府路107巷1-2號,https://www.facebook.com/sooncoffee/,
老陳咖啡L'espace caf'e,,,,,,,西區,,,,,,,台中市西區五權七街52號,,
羊毛馬路咖啡,5.0 ★,5.0 ★,5.0 ★,5.0 ★,,,北區,14:00-02:00(週一公休，但可預約),無,yes,yes,,寵物友善店，可以帶外食，禁帶外飲品，沙發很好坐，老闆親切,台中市北區原子街154號,https://www.facebook.com/woolroad/,
In Cafe 浸在咖啡        ,5.0 ★,3.5 ★,4.5 ★,5.0 ★,4.0 ★,5.0 ★,北區,08:00-17:00(週四店休),無,夠用,no,,鬆餅好吃，老闆親切好聊天，環境舒服旁邊有綠園道，落地窗看出去很放鬆恬靜 !,台中市北區育德路201號1樓,https://www.facebook.com/myincafe,
Deer Caf'e,,,,,,,,北區,,,,,,,,
Next Door 隔壁咖啡,,5.0 ★,4.5 ★,4.0 ★,4.0 ★,4.0 ★,4.5 ★,西區,8:00-21:00,無,僅高腳座位有,高腳座位可,,,,
默契咖啡        ,4.5 ★,4.0 ★,5.0 ★,5.0 ★,4.5 ★,5.0 ★,西屯區,10:00-23:00,無,Yes,no,,,,,
Art a New,,4.5 ★,5.0 ★,4.5 ★,4.5 ★,4.5 ★,4.5 ★,西區,14:00-01:00,無,yes,yes,,,,
Brewband Coffee,,5.0 ★,4.0 ★,5.0 ★,5.0 ★,4.0 ★,5.0 ★,大甲區,"13:00 - 22:00 
但有時沒開",無,,,,去之前最好去看臉書,大甲區民生路53巷15號,https://www.facebook.com/brewbandco/
冰河咖啡,,4.5 ★,5.0 ★,5.0 ★,4.5 ★,4.0 ★,4.5 ★,西屯區,9am-6pm,無,yes,no,,,407台中市西屯區文心路三段119-1號,https://www.facebook.com/GlacierCoffeeRoasters/
想想人文空間,,4.0 ★,4.0 ★,,,5.0 ★,中區,禮拜三、四，上午11:30到晚上7:30（下午3:00到4:00午休）；禮拜五，上午11:30到晚上7:30（下午3:00到4:00午休） ；禮拜六，上午11:30到晚上8:00；禮拜日，上午11:30到晚上7:00；禮拜一和二，公休。,無,yes,,,,,,
The Factory- Mojocoffee,4.0 ★,4.0 ★,4.0 ★,4.5 ★,3.0 ★,4.5 ★,西區,9:00 - 18:00,無,普普,yes,,,台中市精誠六街22號,https://www.facebook.com/The-Factory-Mojocoffee-272695802751148/,
Retro Mojo Coffee,5.0 ★,3.0 ★,4.0 ★,4.0 ★,4.5 ★,5.0 ★,西區,"週六: 9:00am-10:00pm
週日-週五:  8:00am-10:00pm",無,yes,no,,一樓較喧嘩，二樓是讀書空間；有大桌～,,,
SolidBean Coffee,5.0 ★,5.0 ★,4.0 ★,5.0 ★,4.0 ★,5.0 ★,西區,08:30–18:30,無,yes,no,,沒空間區隔，所以可能碰到喧嘩的客人；有大桌～,,,
Coffee Stopover,4.0 ★,3.0 ★,4.0 ★,5.0 ★,4.0 ★,4.0 ★,西區,"星期一至星期六 11:00～20:00 (星期日公休）
",無,no,no,,僅二樓有座位，只有四個插座，有大桌，但座椅較矮且難坐～,台中市西區民權路217巷24號,https://www.facebook.com/coffeestopover/,
手樂咖啡,5.0 ★,5.0 ★,4.0 ★,4.0 ★,3.5 ★,4.0 ★,西屯區,08:30–22:30,無,yes,no,,,台中市西屯區福林路80號,,
Forro Cafe,4.5 ★,4.5 ★,4.5 ★,4.5 ★,4.0 ★,4.5 ★,西區,9:00 - 18:00,無,Yes,Yes,,"早上就開了, 適合早起工作的人:)",台中市西區精誠三街47號,http://www.forro.com.tw/,
卡啡那 CAFFAINA 惠來店,4.0 ★,3.0 ★,3.0 ★,4.0 ★,4.0 ★,4.0 ★,西屯區,9:00 - 24:00,無,Yes,Yes,,,台中市西屯區惠中路二段45號,http://www.caffaina.com/,
貓爪子咖啡 Cat's Claw Brunch & Cafe',5.0 ★,4.5 ★,4.0 ★,5.0 ★,4.5 ★,5.0 ★,北區,"週二~週日: 10:00 - 21:00
週一公休",無,Yes,no,Sandy,有一、二樓，座位多，還有可愛店貓！,台中市北區大德街131號,https://www.facebook.com/CatsClawCafe/,
Colorful Coffee 卡勒芙手感咖啡,5.0 ★,5.0 ★,4.5 ★,5.0 ★,4.5 ★,5.0 ★,西屯區,14:00-22:00週四休息 週日 12:00~18:00 ,平日無 假日有,yes,no,,, 台中市西屯區西屯路二段284-6號,https://www.facebook.com/Colorfulcafe2/,
Fleet Street,,4.5 ★,4.5 ★,4.5 ★,4.5 ★,4.5 ★,中區,08:00~18:00（週二休）,無,,Yes,,,台中市中區民族路24號,www.facebook.com/fleetstreet24,
茶卡Tea & Toys,5.0 ★,5.0 ★,5.0 ★,4.5 ★,4.5 ★,5.0 ★,西屯區,"週二~週日: 13:00 - 19:00
週一公休",無,yes,Yes,Joy,英式鄉村小店，位置不多，老闆親切。每桌都有插座(去之前可先參考臉書),台中市西屯區台灣大道三段306巷39弄3號,,https://www.facebook.com/ZakkaTea/
Sweet Cafe,0,3.0 ★,5.0 ★,5.0 ★,3.0 ★,3.0 ★,南區,,無,普普,yes,Ming,咖啡烘焙冠軍的店，下午3點才會開喔,南區國光路156之8號,https://www.facebook.com/pages/Sweet-Cafe/143040699093705,
edia cafe,5.0 ★,4.5 ★,4.0 ★,2.5 ★,2.5 ★,4.5 ★,南屯區,,無,,no,Ming,,大進街691號,https://www.facebook.com/ediacafe,
Coffee Stopover,5.0 ★,4.5 ★,4.0 ★,4.5 ★,2.5 ★,4.5 ★,西區,"星期一至星期六 11:00～20:00 (星期日公休）
",無,無,no,Ming,,西區民權路217巷24號,https://www.facebook.com/coffeestopover/,
CoffeeEAH,5.0 ★,4.5 ★,4.0 ★,4.5 ★,4.5 ★,4.5 ★,南屯區,"星期一至星期六 12:00～20:00 (星期日公休）
",無,普普,高腳座位可,Ming,,大墩七街493號,https://www.facebook.com/coffeeeah,
MT49芒果樹49號咖啡店,5.0 ★,4.5 ★,4.0 ★,4.5 ★,2.5 ★,4.5 ★,北屯區,週一~週日: 10:30 - 21:00,無,yes,高腳座位可,Ming,,"北屯區后庄七街49號
",https://www.facebook.com/MT49cafe,
老莊園咖啡,5.0 ★,4.5 ★,2.5 ★,2.5 ★,5.0 ★,2.5 ★,西區,週一~週日: 08:00 - 20:00,無,yes,無,Ming,,華美西街一段74號,https://www.facebook.com/RomanorCaffe/,
元生咖啡,,,,,,,西區,週一~週日: 08:00 - 18:00,無,普普,無,,,,,
漫時意境,5.0 ★,5.0 ★,4.5 ★,4.0 ★,4.0 ★,3.0 ★,太平區,預約式及週三~週日: 14:00 - 17:00,無,夠用,無,han,位子少,北屯區建和路一段20號,https://www.facebook.com/LHTeaTime/?ref=aymt_homepage_panel,
Cafe Muah,5.0 ★,5.0 ★,2.5 ★,3.0 ★,4.0 ★,4.0 ★,南屯區,週一~週日: 09:00 - 20:00,客滿時,yes,yes,Dozz,音樂偏大聲，但顧客聲音還好,南屯區大墩十七街35號,https://www.facebook.com/muahxmuah/,
1987廚房工作室,4.0 ★,4.5 ★,4.5 ★,4.5 ★,5.0 ★,4.5 ★,西區,"13:00 - 20:00 
每週二公休",無,普普,Yes,,台中忠信市場內老宅改建，甜點也超好吃,台中市西區五權西路一段57巷1弄5號,https://www.facebook.com/1987jam,
虎姑婆烘焙坊,5.0 ★,5.0 ★,5.0 ★,4.0 ★,4.0 ★,4.0 ★,南區,星期二至星期六 11:00~21:00(星期日、一公休),無,夠用,無,Anna,,台中市台中市南區國光路387-6號,https://www.facebook.com/虎姑婆烘培坊-Lady-Tiger每周日周一店休-106465272881585/,
The Naked Cafe 熊抱尼克,5.0 ★,5.0 ★,5.0 ★,4.0 ★,4.0 ★,4.0 ★,北區,,無,很多,無,stan,,404台中市北區五權路408號,https://www.facebook.com/The-Naked-Cafe-%E7%86%8A%E6%8A%B1%E5%B0%BC%E5%85%8B-522958141084236/,
艸田 空間,4.5 ★,5.0 ★,5.0 ★,5.0 ★,5.0 ★,5.0 ★,北區,,無,夠用,Yes,Trisha,來過一次就會被老闆記住，從此之後像朋友般的來，最後會變成秘密基地的好地方。鄰近綠園道，蚊子稍多請注意。,台中市北區育德路131巷6號,https://www.facebook.com/mellow.club1316/,
傑米 Jme Brunch Box,4.0 ★,4.0 ★,3.0 ★,3.0 ★,5.0 ★,5.0 ★,西區,週一至週日 08:00-17:00,無,普普（靠牆才有）,有,Tank,餐點份量大可以吃超撐（才有力氣工作）。沒有限制時間所以可以坐到打烊。有插座但都在靠牆的座位，要提前跟服務生告知。假日中午很多人往往會排隊些許時間，建議提早去排隊。,403台中市西區華美街380號,,
綠爵輕食館 LEISURELY CAFÉ,5.0 ★,4.0 ★,4.5 ★,5.0 ★,5.0 ★,5.0 ★,北屯區,週一~週六: 11:00 - 22:00,無,no,no,,"餐點多樣好吃,環境舒適,令人放鬆的地方",406台中市北屯區東山路一段218巷2號,https://www.facebook.com/leisurelyNcafe/,
台灣惠蓀咖啡,5.0 ★,5.0 ★,4.0 ★,4.5 ★,4.0 ★,4.5 ★,西區,週一至週五8:00~19:30 週六、日9:00~20:30 ,無,,no,,,403台中市西區華美街494號,https://www.facebook.com/huisuncoffee,
122,5.0 ★,-,,,,,,,,,,,,,,
